Fund Name,P1,P2,P3,P4,P5,Topsis Score,Rank
M1,0.05448808942079392,0.048780783917080295,0.05802848661797856,0.041491994069340586,0.08738842403716829,0.7838071685584065,2.0
M2,0.055214597279737834,0.05052295477126173,0.062492216357823066,0.04197306066724599,0.08917882101744197,0.7969304084340857,1.0
M3,0.05085555012607432,0.04268318592744525,0.034593905483794915,0.05953199149079301,0.11467066373657692,0.5241511554807508,6.0
M4,0.06756523088178445,0.07491334672980188,0.07476747314239546,0.041612260718816935,0.09182178798832219,0.6650902486262975,3.0
M5,0.047223010831354724,0.03658558793781022,0.04017356765860054,0.06193732448032001,0.11970082668115536,0.5318488120347316,5.0
M6,0.06538570730495269,0.07055791959434829,0.07811527044727884,0.050752526079019505,0.10853215980420997,0.6180667803330413,4.0
M7,0.06683872302284054,0.07404226130271116,0.0513328920082118,0.07769225556172178,0.1512459163335966,0.17149199338364127,8.0
M8,0.06030015229234526,0.06010489446925964,0.05802848661797856,0.08105972174705958,0.15798121925938813,0.24646578777974903,7.0
